{
    "accuracy": [
        0.752186119556427,
        0.8558542132377625,
        0.8708578944206238,
        0.8780375719070435,
        0.8856774568557739,
        0.8870351910591125,
        0.891269326210022,
        0.8942378759384155,
        0.894352912902832,
        0.8975285291671753,
        0.8972063660621643,
        0.911910891532898,
        0.9131075143814087,
        0.9132225513458252,
        0.9133836627006531,
        0.9141200184822083,
        0.914350152015686,
        0.9170194864273071,
        0.9166513085365295,
        0.9163061380386353
    ],
    "val_accuracy": [
        0.9045857787132263,
        0.9163276553153992,
        0.9281619787216187,
        0.9281619787216187,
        0.9271449446678162,
        0.9343565106391907,
        0.9344489574432373,
        0.9375,
        0.9392566680908203,
        0.9368528127670288,
        0.9339866638183594,
        0.9430473446846008,
        0.9460983872413635,
        0.9460983872413635,
        0.9472078680992126,
        0.9458209872245789,
        0.9476701021194458,
        0.9495192170143127,
        0.9484097361564636,
        0.942307710647583
    ],
    "loss": [
        0.8388649225234985,
        0.44542840123176575,
        0.3930884599685669,
        0.3707120716571808,
        0.34345710277557373,
        0.34488850831985474,
        0.3289649486541748,
        0.32147443294525146,
        0.31650856137275696,
        0.31167057156562805,
        0.3083617687225342,
        0.2691437900066376,
        0.26294320821762085,
        0.262493759393692,
        0.25988107919692993,
        0.25979387760162354,
        0.2514084577560425,
        0.24959619343280792,
        0.24968460202217102,
        0.24558450281620026
    ],
    "val_loss": [
        0.30114659667015076,
        0.2545231282711029,
        0.22166459262371063,
        0.21514616906642914,
        0.20623064041137695,
        0.1998251974582672,
        0.19330890476703644,
        0.18130211532115936,
        0.18482322990894318,
        0.19141142070293427,
        0.19948767125606537,
        0.17173977196216583,
        0.16278555989265442,
        0.16556446254253387,
        0.15687021613121033,
        0.1606082171201706,
        0.1596420705318451,
        0.15329796075820923,
        0.15196505188941956,
        0.17073221504688263
    ]
}